Sponsors,Prize Draw Label,Sponsor Logo,Prize Images,Qty
Spizzicco,$25 Spizzicco Voucher,spizzicco-logo.png,spizzicco2.jpg,1
Spizzicco,$25 Spizzicco Voucher,spizzicco-logo.png,spizzicco1.jpg,1
3333 events ,Double Pass (3333 Events),3333-logo.png,,1
Vonuts ,FREE $30 Donut Voucher,vonuts-logo.png,,1
Equilibrium pain management coaching and massage therapy ,FREE Consultation and 90 Min massage,equillibrium-logo.png,,1
Pally,Pally Gift Pack,pally-logo.png,,1
Pally,Pally Gift Pack,pally-logo.png,,1
Pally,Pally Gift Pack,pally-logo.png,,1
Spotlight ,Double Pass (Spotlight),spotlight-logo.png,,1
Waka gold,Waka Gold Honey Gift Pack,wakagold-logo.png,,1
Waka gold,Waka Gold Honey Gift Pack,wakagold-logo.png,,1
Waka gold,Waka Gold Honey Gift Pack,wakagold-logo.png,,1
Superfina,$30 Voucher,superfina-logo.png,,1
Superfina,$30 Voucher,superfina-logo.png,,1
Nails By Naomi,$40 Voucher,nailsbynaomi.png,,1